Workbook

Sheet Correlogram
A1: Correlogram | C1: alpha | D1: 0.05
A3: lags | B3: acf | C3: lower | D3: upper
A4: 0 | B4: =[1]!ACF('K = 3'!$B$5:$B$61,A4) -> 1
A5: =A4+1 -> 1 | B5: =[1]!ACF('K = 3'!$B$5:$B$61,A5) -> 0.87981836 | C5: =-D5 -> -0.25960357 | D5: =_xlfn.NORM.S.INV(1-$D$1/2)/SQRT(COUNT('K = 3'!$B$5:$B$61)) -> 0.25960357
A6: =A5+1 -> 2 | B6: =[1]!ACF('K = 3'!$B$5:$B$61,A6) -> 0.76789663 | C6: =-D6 -> -0.41440412 | D6: =_xlfn.NORM.S.INV(1-$D$1/2)*SQRT((1+2*SUMSQ(B$5:B5))/COUNT('K = 3'!$B$5:$B$61)) -> 0.41440412
A7: =A6+1 -> 3 | B7: =[1]!ACF('K = 3'!$B$5:$B$61,A7) -> 0.69821132 | C7: =-D7 -> -0.50120913 | D7: =_xlfn.NORM.S.INV(1-$D$1/2)*SQRT((1+2*SUMSQ(B$5:B6))/COUNT('K = 3'!$B$5:$B$61)) -> 0.50120913
A8: =A7+1 -> 4 | B8: =[1]!ACF('K = 3'!$B$5:$B$61,A8) -> 0.67321293 | C8: =-D8 -> -0.56295615 | D8: =_xlfn.NORM.S.INV(1-$D$1/2)*SQRT((1+2*SUMSQ(B$5:B7))/COUNT('K = 3'!$B$5:$B$61)) -> 0.56295615
A9: =A8+1 -> 5 | B9: =[1]!ACF('K = 3'!$B$5:$B$61,A9) -> 0.64024595 | C9: =-D9 -> -0.61482329 | D9: =_xlfn.NORM.S.INV(1-$D$1/2)*SQRT((1+2*SUMSQ(B$5:B8))/COUNT('K = 3'!$B$5:$B$61)) -> 0.61482329
A10: =A9+1 -> 6 | B10: =[1]!ACF('K = 3'!$B$5:$B$61,A10) -> 0.57781863 | C10: =-D10 -> -0.65822435 | D10: =_xlfn.NORM.S.INV(1-$D$1/2)*SQRT((1+2*SUMSQ(B$5:B9))/COUNT('K = 3'!$B$5:$B$61)) -> 0.65822435
A11: =A10+1 -> 7 | B11: =[1]!ACF('K = 3'!$B$5:$B$61,A11) -> 0.49548288 | C11: =-D11 -> -0.69156457 | D11: =_xlfn.NORM.S.INV(1-$D$1/2)*SQRT((1+2*SUMSQ(B$5:B10))/COUNT('K = 3'!$B$5:$B$61)) -> 0.69156457
A12: =A11+1 -> 8 | B12: =[1]!ACF('K = 3'!$B$5:$B$61,A12) -> 0.42284105 | C12: =-D12 -> -0.71508913 | D12: =_xlfn.NORM.S.INV(1-$D$1/2)*SQRT((1+2*SUMSQ(B$5:B11))/COUNT('K = 3'!$B$5:$B$61)) -> 0.71508913
A13: =A12+1 -> 9 | B13: =[1]!ACF('K = 3'!$B$5:$B$61,A13) -> 0.36463979 | C13: =-D13 -> -0.73174574 | D13: =_xlfn.NORM.S.INV(1-$D$1/2)*SQRT((1+2*SUMSQ(B$5:B12))/COUNT('K = 3'!$B$5:$B$61)) -> 0.73174574
A14: =A13+1 -> 10 | B14: =[1]!ACF('K = 3'!$B$5:$B$61,A14) -> 0.34242183 | C14: =-D14 -> -0.74389081 | D14: =_xlfn.NORM.S.INV(1-$D$1/2)*SQRT((1+2*SUMSQ(B$5:B13))/COUNT('K = 3'!$B$5:$B$61)) -> 0.74389081
A15: =A14+1 -> 11 | B15: =[1]!ACF('K = 3'!$B$5:$B$61,A15) -> 0.34149004 | C15: =-D15 -> -0.75443873 | D15: =_xlfn.NORM.S.INV(1-$D$1/2)*SQRT((1+2*SUMSQ(B$5:B14))/COUNT('K = 3'!$B$5:$B$61)) -> 0.75443873
A16: =A15+1 -> 12 | B16: =[1]!ACF('K = 3'!$B$5:$B$61,A16) -> 0.29021762 | C16: =-D16 -> -0.76478505 | D16: =_xlfn.NORM.S.INV(1-$D$1/2)*SQRT((1+2*SUMSQ(B$5:B15))/COUNT('K = 3'!$B$5:$B$61)) -> 0.76478505

Sheet K = 3
A1: Production, Imports, Exports and Consumption of Bakery Products
A2: Tonnes : Jul 2021 to Jun 2026 | G2: Mean Error | H2: =AVERAGE(H10:H61) -> 93.95235 | J2: Std dev | K2: =_xlfn.STDEV.S(J10:J61) -> 4352.6244 | M2: MAD | N2: =AVERAGE(M10:M61) -> 3389.6439
A3: Month | B3: Biscuits/ cookies
B4: Consumption | C4: FMA | D4: DMA | E4: at (do not use brackets in formula) | F4: bt | G4: Estimates | H4: Error | I4: Revised Estimate | J4: Revised Error | K4: LCL | L4: UCL
A5: 44378 | B5: 43439.7
A6: 44409 | B6: 42795.8
A7: 44440 | B7: 43575.4 | C7: =AVERAGE(B5:B7) -> 43270.3
A8: 44470 | B8: 37323.9 | C8: =AVERAGE(B6:B8) -> 41231.7
A9: 44501 | B9: 37760.8 | C9: =AVERAGE(B7:B9) -> 39553.367 | D9: =AVERAGE(C7:C9) -> 41351.789 | E9: =2*C9-D9 -> 37754.944 | F9: =C9-D9 -> -1798.4222
A10: 44531 | B10: 40536.5 | C10: =AVERAGE(B8:B10) -> 38540.4 | D10: =AVERAGE(C8:C10) -> 39775.156 | E10: =2*C10-D10 -> 37305.644 | F10: =C10-D10 -> -1234.7556 | G10: =E9+F9 -> 35956.522 | H10: =B10-G10 -> 4579.9778 | I10: =G10+$H$2 -> 36050.475 | J10: =B10-I10 -> 4486.0254 | K10: =I10-1.96*$K$2 -> 27519.331 | L10: =I10+1.96*$K$2 -> 44581.618 | M10: =ABS(J10) -> 4486.0254
A11: 44562 | B11: 38497.1 | C11: =AVERAGE(B9:B11) -> 38931.467 | D11: =AVERAGE(C9:C11) -> 39008.411 | E11: =2*C11-D11 -> 38854.522 | F11: =C11-D11 -> -76.944444 | G11: =E10+F10 -> 36070.889 | H11: =B11-G11 -> 2426.2111 | I11: =G11+$H$2 -> 36164.841 | J11: =B11-I11 -> 2332.2588 | K11: =I11-1.96*$K$2 -> 27633.697 | L11: =I11+1.96*$K$2 -> 44695.985 | M11: =ABS(J11) -> 2332.2588
A12: 44593 | B12: 34233.9 | C12: =AVERAGE(B10:B12) -> 37755.833 | D12: =AVERAGE(C10:C12) -> 38409.233 | E12: =2*C12-D12 -> 37102.433 | F12: =C12-D12 -> -653.4 | G12: =E11+F11 -> 38777.578 | H12: =B12-G12 -> -4543.6778 | I12: =G12+$H$2 -> 38871.53 | J12: =B12-I12 -> -4637.6301 | K12: =I12-1.96*$K$2 -> 30340.386 | L12: =I12+1.96*$K$2 -> 47402.674 | M12: =ABS(J12) -> 4637.6301
A13: 44621 | B13: 35915 | C13: =AVERAGE(B11:B13) -> 36215.333 | D13: =AVERAGE(C11:C13) -> 37634.211 | E13: =2*C13-D13 -> 34796.456 | F13: =C13-D13 -> -1418.8778 | G13: =E12+F12 -> 36449.033 | H13: =B13-G13 -> -534.03333 | I13: =G13+$H$2 -> 36542.986 | J13: =B13-I13 -> -627.98568 | K13: =I13-1.96*$K$2 -> 28011.842 | L13: =I13+1.96*$K$2 -> 45074.129 | M13: =ABS(J13) -> 627.98568
A14: 44652 | B14: 33419.6 | C14: =AVERAGE(B12:B14) -> 34522.833 | D14: =AVERAGE(C12:C14) -> 36164.667 | E14: =2*C14-D14 -> 32881 | F14: =C14-D14 -> -1641.8333 | G14: =E13+F13 -> 33377.578 | H14: =B14-G14 -> 42.022222 | I14: =G14+$H$2 -> 33471.53 | J14: =B14-I14 -> -51.930128 | K14: =I14-1.96*$K$2 -> 24940.386 | L14: =I14+1.96*$K$2 -> 42002.674 | M14: =ABS(J14) -> 51.930128
A15: 44682 | B15: 32549.9 | C15: =AVERAGE(B13:B15) -> 33961.5 | D15: =AVERAGE(C13:C15) -> 34899.889 | E15: =2*C15-D15 -> 33023.111 | F15: =C15-D15 -> -938.38889 | G15: =E14+F14 -> 31239.167 | H15: =B15-G15 -> 1310.7333 | I15: =G15+$H$2 -> 31333.119 | J15: =B15-I15 -> 1216.781 | K15: =I15-1.96*$K$2 -> 22801.975 | L15: =I15+1.96*$K$2 -> 39864.263 | M15: =ABS(J15) -> 1216.781
A16: 44713 | B16: 35112.6 | C16: =AVERAGE(B14:B16) -> 33694.033 | D16: =AVERAGE(C14:C16) -> 34059.456 | E16: =2*C16-D16 -> 33328.611 | F16: =C16-D16 -> -365.42222 | G16: =E15+F15 -> 32084.722 | H16: =B16-G16 -> 3027.8778 | I16: =G16+$H$2 -> 32178.675 | J16: =B16-I16 -> 2933.9254 | K16: =I16-1.96*$K$2 -> 23647.531 | L16: =I16+1.96*$K$2 -> 40709.818 | M16: =ABS(J16) -> 2933.9254
A17: 44743 | B17: 34621.8 | C17: =AVERAGE(B15:B17) -> 34094.767 | D17: =AVERAGE(C15:C17) -> 33916.767 | E17: =2*C17-D17 -> 34272.767 | F17: =C17-D17 -> 178 | G17: =E16+F16 -> 32963.189 | H17: =B17-G17 -> 1658.6111 | I17: =G17+$H$2 -> 33057.141 | J17: =B17-I17 -> 1564.6588 | K17: =I17-1.96*$K$2 -> 24525.997 | L17: =I17+1.96*$K$2 -> 41588.285 | M17: =ABS(J17) -> 1564.6588
A18: 44774 | B18: 34770.1 | C18: =AVERAGE(B16:B18) -> 34834.833 | D18: =AVERAGE(C16:C18) -> 34207.878 | E18: =2*C18-D18 -> 35461.789 | F18: =C18-D18 -> 626.95556 | G18: =E17+F17 -> 34450.767 | H18: =B18-G18 -> 319.33333 | I18: =G18+$H$2 -> 34544.719 | J18: =B18-I18 -> 225.38098 | K18: =I18-1.96*$K$2 -> 26013.575 | L18: =I18+1.96*$K$2 -> 43075.863 | M18: =ABS(J18) -> 225.38098
A19: 44805 | B19: 33953.3 | C19: =AVERAGE(B17:B19) -> 34448.4 | D19: =AVERAGE(C17:C19) -> 34459.333 | E19: =2*C19-D19 -> 34437.467 | F19: =C19-D19 -> -10.933333 | G19: =E18+F18 -> 36088.744 | H19: =B19-G19 -> -2135.4444 | I19: =G19+$H$2 -> 36182.697 | J19: =B19-I19 -> -2229.3968 | K19: =I19-1.96*$K$2 -> 27651.553 | L19: =I19+1.96*$K$2 -> 44713.841 | M19: =ABS(J19) -> 2229.3968
A20: 44835 | B20: 26416.8 | C20: =AVERAGE(B18:B20) -> 31713.4 | D20: =AVERAGE(C18:C20) -> 33665.544 | E20: =2*C20-D20 -> 29761.256 | F20: =C20-D20 -> -1952.1444 | G20: =E19+F19 -> 34426.533 | H20: =B20-G20 -> -8009.7333 | I20: =G20+$H$2 -> 34520.486 | J20: =B20-I20 -> -8103.6857 | K20: =I20-1.96*$K$2 -> 25989.342 | L20: =I20+1.96*$K$2 -> 43051.629 | M20: =ABS(J20) -> 8103.6857
A21: 44866 | B21: 28485.3 | C21: =AVERAGE(B19:B21) -> 29618.467 | D21: =AVERAGE(C19:C21) -> 31926.756 | E21: =2*C21-D21 -> 27310.178 | F21: =C21-D21 -> -2308.2889 | G21: =E20+F20 -> 27809.111 | H21: =B21-G21 -> 676.18889 | I21: =G21+$H$2 -> 27903.063 | J21: =B21-I21 -> 582.23654 | K21: =I21-1.96*$K$2 -> 19371.92 | L21: =I21+1.96*$K$2 -> 36434.207 | M21: =ABS(J21) -> 582.23654
... A61: 46082 | B61: 17500.8 | C61: =AVERAGE(B59:B61) -> 16066.467 | D61: =AVERAGE(C59:C61) -> 16798.044 | E61: =2*C61-D61 -> 15334.889 | F61: =C61-D61 -> -731.57778 | G61: =E60+F60 -> 14860.333 | H61: =B61-G61 -> 2640.4667 | I61: =G61+$H$2 -> 14954.286 | J61: =B61-I61 -> 2546.5143 | K61: =I61-1.96*$K$2 -> 6423.1419 | L61: =I61+1.96*$K$2 -> 23485.429 | M61: =ABS(J61) -> 2546.5143
A62: 46113 | B62: 1 | G62: =$E$61+B62*$F$61 -> 14603.311 | I62: =G62+$H$2 -> 14697.263
A63: 46143 | B63: 2 | G63: =$E$61+B63*$F$61 -> 13871.733 | I63: =G63+$H$2 -> 13965.686
A64: 46174 | B64: 3 | G64: =$E$61+B64*$F$61 -> 13140.156 | I64: =G64+$H$2 -> 13234.108
A65: 46204 | B65: 4 | G65: =$E$61+B65*$F$61 -> 12408.578 | I65: =G65+$H$2 -> 12502.53
A66: 46235 | B66: 5 | G66: =$E$61+B66*$F$61 -> 11677 | I66: =G66+$H$2 -> 11770.952
A67: 46266 | B67: 6 | G67: =$E$61+B67*$F$61 -> 10945.422 | I67: =G67+$H$2 -> 11039.375
A68: 46296 | B68: 7 | G68: =$E$61+B68*$F$61 -> 10213.844 | I68: =G68+$H$2 -> 10307.797
A69: 46327 | B69: 8 | G69: =$E$61+B69*$F$61 -> 9482.2667 | I69: =G69+$H$2 -> 9576.219
A70: 46357 | B70: 9 | G70: =$E$61+B70*$F$61 -> 8750.6889 | I70: =G70+$H$2 -> 8844.6412
A71: 46388 | B71: 10 | G71: =$E$61+B71*$F$61 -> 8019.1111 | I71: =G71+$H$2 -> 8113.0635
A72: 46419 | B72: 11 | G72: =$E$61+B72*$F$61 -> 7287.5333 | I72: =G72+$H$2 -> 7381.4857
A73: 46447 | B73: 12 | G73: =$E$61+B73*$F$61 -> 6555.9556 | I73: =G73+$H$2 -> 6649.9079

Sheet Shapiro Wilk Test
A1: Descriptive Statistics | D1: Multiplier | E1: 2.2 | G1: Shapiro-Wilk Test
B3: ='K = 3'!J10 -> 4486.0254 | E3: ='K = 3'!J10 -> 4486.0254 | H3: ='K = 3'!J10 -> 4486.0254
A4: Mean | B4: =AVERAGE('K = 3'!J11:J61) -> -87.961283 | D4: Min | E4: =E11-$E18 -> 0 | G4: W-stat | H4: =[1]!SHAPIRO('K = 3'!J11:J61) -> 0.96746084
A5: Standard Error | B5: =_xlfn.STDEV.S('K = 3'!J11:J61)/SQRT(COUNT('K = 3'!J11:J61)) -> 608.98285 | D5: Q1-Min | E5: =MAX(E12-E11,0) -> 6503.9778 | G5: p-value | H5: =[1]!SWTEST('K = 3'!J11:J61) -> 0.17316385
A6: Median | B6: =MEDIAN('K = 3'!J11:J61) -> 582.23654 | D6: Med-Q1 | E6: =MAX(E13-E12,0) -> 3277.6444 | G6: alpha | H6: 0.05
A7: Mode | B7: =MODE('K = 3'!J11:J61) -> #N/A | D7: Q3-Med | E7: =MAX(E14-E13,0) -> 1873.3889 | G7: normal | H7: =IF(H5<H6,"no","yes") -> yes
A8: Standard Deviation | B8: =_xlfn.STDEV.S('K = 3'!J11:J61) -> 4349.0074 | D8: Max-Q3 | E8: =MAX(E15-E14,0) -> 7688.8667
A9: Sample Variance | B9: =_xlfn.VAR.S('K = 3'!J11:J61) -> 18913865 | D9: Mean | E9: =E16-$E18 -> 9111.4244 | G9: d'Agostino-Pearson
A10: Kurtosis | B10: =KURT('K = 3'!J11:J61) -> -0.13230605
A11: Skewness | B11: =SKEW('K = 3'!J11:J61) -> -0.32536926 | D11: Min | E11: {=MIN(IF(ISBLANK('K = 3'!J11:J61),"",IF('K = 3'!J11:J61>=E12-$E1*(E14-E12),'K = 3'!J11:J61,"")))} -> -9199.3857 | G11: DA-stat | H11: =[1]!DAGOSTINO('K = 3'!J11:J61) -> 1.0164306
A12: Range | B12: =B13-B14 -> 19343.878 | D12: Q1 | E12: =_xlfn.QUARTILE.INC('K = 3'!J11:J61,1) -> -2695.4079 | G12: p-value | H12: =[1]!DPTEST('K = 3'!J11:J61) -> 0.60156823
A13: Maximum | B13: =MAX('K = 3'!J11:J61) -> 10144.492 | D13: Median | E13: =MEDIAN('K = 3'!J11:J61) -> 582.23654 | G13: alpha | H13: 0.05
A14: Minimum | B14: =MIN('K = 3'!J11:J61) -> -9199.3857 | D14: Q3 | E14: =_xlfn.QUARTILE.INC('K = 3'!J11:J61,3) -> 2455.6254 | G14: normal | H14: =IF(H12<H13,"no","yes") -> yes
A15: Sum | B15: =SUM('K = 3'!J11:J61) -> -4486.0254 | D15: Max | E15: {=MAX(IF(ISBLANK('K = 3'!J11:J61),"",IF('K = 3'!J11:J61<=E14+$E1*(E14-E12),'K = 3'!J11:J61,"")))} -> 10144.492
A16: Count | B16: =COUNT('K = 3'!J11:J61) -> 51 | D16: Mean | E16: =AVERAGE('K = 3'!J11:J61) -> -87.961283
A17: Geometric Mean | B17: =GEOMEAN('K = 3'!J11:J61) -> #NUM!
A18: Harmonic Mean | B18: =HARMEAN('K = 3'!J11:J61) -> #NUM! | D18: Grand Min | E18: =IF(MIN(E11)>=0,0,MIN(E11)) -> -9199.3857
A19: AAD | B19: =AVEDEV('K = 3'!J11:J61) -> 3382.3599
A20: MAD | B20: =[1]!MAD('K = 3'!J11:J61) -> 2385.6444 | D20: Outliers | E20: None
A21: IQR | B21: =[1]!IQR('K = 3'!J11:J61,FALSE) -> 5151.0333

Sheet Ljung Box Text
A1: Diff Data: | B1: 0 | D1: Autcorrelation | G1: White noise test: | I1: acf
A3: time | B3: data | D3: lag | E3: acf | G3: test | H3: lag | I3: stat | J3: p-value
A4: 1 | B4: {=[1]!ADIFF('K = 3'!J10:J61,B1)} -> 4486.0254 | D4: 1 | E4: =[1]!ACF($B$4:$B$55,D4) -> 0.24629917 | G4: ljung-box | H4: 7 | I4: =[1]!LJUNG(B4:B55,0,H4) -> 45.225471 | J4: =_xlfn.CHISQ.DIST.RT(I4,H4) -> 1.2364638e-07
A5: =A4+1 -> 2 | B5: 2332.2588 | D5: =D4+1 -> 2 | E5: =[1]!ACF($B$4:$B$55,D5) -> -0.43175517
A6: =A5+1 -> 3 | B6: -4637.6301 | D6: =D5+1 -> 3 | E6: =[1]!ACF($B$4:$B$55,D6) -> -0.58590064
A7: =A6+1 -> 4 | B7: -627.98568 | D7: =D6+1 -> 4 | E7: =[1]!ACF($B$4:$B$55,D7) -> -0.10255218
A8: =A7+1 -> 5 | B8: -51.930128 | D8: =D7+1 -> 5 | E8: =[1]!ACF($B$4:$B$55,D8) -> 0.25485888
A9: =A8+1 -> 6 | B9: 1216.781 | D9: =D8+1 -> 6 | E9: =[1]!ACF($B$4:$B$55,D9) -> 0.32538152
A10: =A9+1 -> 7 | B10: 2933.9254 | D10: =D9+1 -> 7 | E10: =[1]!ACF($B$4:$B$55,D10) -> 0.11221607
A11: =A10+1 -> 8 | B11: 1564.6588
A12: =A11+1 -> 9 | B12: 225.38098
A13: =A12+1 -> 10 | B13: -2229.3968
A14: =A13+1 -> 11 | B14: -8103.6857
A15: =A14+1 -> 12 | B15: 582.23654
A16: =A15+1 -> 13 | B16: 1239.0588
A17: =A16+1 -> 14 | B17: 5454.3254
A18: =A17+1 -> 15 | B18: 1010.5365
A19: =A18+1 -> 16 | B19: 1709.581
A20: =A19+1 -> 17 | B20: -2314.3968
A21: =A20+1 -> 18 | B21: 2264.3143
A22: =A21+1 -> 19 | B22: 2168.3921
... A55: =A54+1 -> 52 | B55: 2546.5143

Sheet K = 5
G2: Mean Error | H2: =AVERAGE(H14:H61) -> 195.46313 | J2: Std dev | K2: =_xlfn.STDEV.S(J14:J61) -> 3756.0459 | M2: MAD | N2: =AVERAGE(M14:M61) -> 3066.018
B4: Consumption | C4: FMA | D4: DMA | E4: at (do not use brackets in formula) | F4: bt | G4: Estimates | H4: Error | I4: Revised Estimate | J4: Revised Error | K4: LCL | L4: UCL
A5: 44378 | B5: 43439.7
A6: 44409 | B6: 42795.8
A7: 44440 | B7: 43575.4
A8: 44470 | B8: 37323.9
A9: 44501 | B9: 37760.8 | C9: =AVERAGE(B5:B9) -> 40979.12
A10: 44531 | B10: 40536.5 | C10: =AVERAGE(B6:B10) -> 40398.48
A11: 44562 | B11: 38497.1 | C11: =AVERAGE(B7:B11) -> 39538.74
A12: 44593 | B12: 34233.9 | C12: =AVERAGE(B8:B12) -> 37670.44
A13: 44621 | B13: 35915 | C13: =AVERAGE(B9:B13) -> 37388.66 | D13: =AVERAGE(C9:C13) -> 39195.088 | E13: =2*C13-D13 -> 35582.232 | F13: =(2/(5-1))*(C13-D13) -> -903.214
A14: 44652 | B14: 33419.6 | C14: =AVERAGE(B10:B14) -> 36520.42 | D14: =AVERAGE(C10:C14) -> 38303.348 | E14: =2*C14-D14 -> 34737.492 | F14: =(2/(5-1))*(C14-D14) -> -891.464 | G14: =E13+F13 -> 34679.018 | H14: =B14-G14 -> -1259.418 | I14: =G14+$H$2 -> 34874.481 | J14: =B14-I14 -> -1454.8811 | K14: =I14-1.96*$K$2 -> 27512.631 | L14: =I14+1.96*$K$2 -> 42236.331 | M14: =ABS(J14) -> 1454.8811
A15: 44682 | B15: 32549.9 | C15: =AVERAGE(B11:B15) -> 34923.1 | D15: =AVERAGE(C11:C15) -> 37208.272 | E15: =2*C15-D15 -> 32637.928 | F15: =(2/(5-1))*(C15-D15) -> -1142.586 | G15: =E14+F14 -> 33846.028 | H15: =B15-G15 -> -1296.128 | I15: =G15+$H$2 -> 34041.491 | J15: =B15-I15 -> -1491.5911 | K15: =I15-1.96*$K$2 -> 26679.641 | L15: =I15+1.96*$K$2 -> 41403.341 | M15: =ABS(J15) -> 1491.5911
A16: 44713 | B16: 35112.6 | C16: =AVERAGE(B12:B16) -> 34246.2 | D16: =AVERAGE(C12:C16) -> 36149.764 | E16: =2*C16-D16 -> 32342.636 | F16: =(2/(5-1))*(C16-D16) -> -951.782 | G16: =E15+F15 -> 31495.342 | H16: =B16-G16 -> 3617.258 | I16: =G16+$H$2 -> 31690.805 | J16: =B16-I16 -> 3421.7949 | K16: =I16-1.96*$K$2 -> 24328.955 | L16: =I16+1.96*$K$2 -> 39052.655 | M16: =ABS(J16) -> 3421.7949
A17: 44743 | B17: 34621.8 | C17: =AVERAGE(B13:B17) -> 34323.78 | D17: =AVERAGE(C13:C17) -> 35480.432 | E17: =2*C17-D17 -> 33167.128 | F17: =(2/(5-1))*(C17-D17) -> -578.326 | G17: =E16+F16 -> 31390.854 | H17: =B17-G17 -> 3230.946 | I17: =G17+$H$2 -> 31586.317 | J17: =B17-I17 -> 3035.4829 | K17: =I17-1.96*$K$2 -> 24224.467 | L17: =I17+1.96*$K$2 -> 38948.167 | M17: =ABS(J17) -> 3035.4829
A18: 44774 | B18: 34770.1 | C18: =AVERAGE(B14:B18) -> 34094.8 | D18: =AVERAGE(C14:C18) -> 34821.66 | E18: =2*C18-D18 -> 33367.94 | F18: =(2/(5-1))*(C18-D18) -> -363.43 | G18: =E17+F17 -> 32588.802 | H18: =B18-G18 -> 2181.298 | I18: =G18+$H$2 -> 32784.265 | J18: =B18-I18 -> 1985.8349 | K18: =I18-1.96*$K$2 -> 25422.415 | L18: =I18+1.96*$K$2 -> 40146.115 | M18: =ABS(J18) -> 1985.8349
A19: 44805 | B19: 33953.3 | C19: =AVERAGE(B15:B19) -> 34201.54 | D19: =AVERAGE(C15:C19) -> 34357.884 | E19: =2*C19-D19 -> 34045.196 | F19: =(2/(5-1))*(C19-D19) -> -78.172 | G19: =E18+F18 -> 33004.51 | H19: =B19-G19 -> 948.79 | I19: =G19+$H$2 -> 33199.973 | J19: =B19-I19 -> 753.32687 | K19: =I19-1.96*$K$2 -> 25838.123 | L19: =I19+1.96*$K$2 -> 40561.823 | M19: =ABS(J19) -> 753.32687
A20: 44835 | B20: 26416.8 | C20: =AVERAGE(B16:B20) -> 32974.92 | D20: =AVERAGE(C16:C20) -> 33968.248 | E20: =2*C20-D20 -> 31981.592 | F20: =(2/(5-1))*(C20-D20) -> -496.664 | G20: =E19+F19 -> 33967.024 | H20: =B20-G20 -> -7550.224 | I20: =G20+$H$2 -> 34162.487 | J20: =B20-I20 -> -7745.6871 | K20: =I20-1.96*$K$2 -> 26800.637 | L20: =I20+1.96*$K$2 -> 41524.337 | M20: =ABS(J20) -> 7745.6871
A21: 44866 | B21: 28485.3 | C21: =AVERAGE(B17:B21) -> 31649.46 | D21: =AVERAGE(C17:C21) -> 33448.9 | E21: =2*C21-D21 -> 29850.02 | F21: =(2/(5-1))*(C21-D21) -> -899.72 | G21: =E20+F20 -> 31484.928 | H21: =B21-G21 -> -2999.628 | I21: =G21+$H$2 -> 31680.391 | J21: =B21-I21 -> -3195.0911 | K21: =I21-1.96*$K$2 -> 24318.541 | L21: =I21+1.96*$K$2 -> 39042.241 | M21: =ABS(J21) -> 3195.0911
A22: 44896 | B22: 26334.9 | C22: =AVERAGE(B18:B22) -> 29992.08 | D22: =AVERAGE(C18:C22) -> 32582.56 | E22: =2*C22-D22 -> 27401.6 | F22: =(2/(5-1))*(C22-D22) -> -1295.24 | G22: =E21+F21 -> 28950.3 | H22: =B22-G22 -> -2615.4 | I22: =G22+$H$2 -> 29145.763 | J22: =B22-I22 -> -2810.8631 | K22: =I22-1.96*$K$2 -> 21783.913 | L22: =I22+1.96*$K$2 -> 36507.613 | M22: =ABS(J22) -> 2810.8631
A23: 44927 | B23: 27844.7 | C23: =AVERAGE(B19:B23) -> 28607 | D23: =AVERAGE(C19:C23) -> 31485 | E23: =2*C23-D23 -> 25729 | F23: =(2/(5-1))*(C23-D23) -> -1439 | G23: =E22+F22 -> 26106.36 | H23: =B23-G23 -> 1738.34 | I23: =G23+$H$2 -> 26301.823 | J23: =B23-I23 -> 1542.8769 | K23: =I23-1.96*$K$2 -> 18939.973 | L23: =I23+1.96*$K$2 -> 33663.673 | M23: =ABS(J23) -> 1542.8769
A24: 44958 | B24: 27601.1 | C24: =AVERAGE(B20:B24) -> 27336.56 | D24: =AVERAGE(C20:C24) -> 30112.004 | E24: =2*C24-D24 -> 24561.116 | F24: =(2/(5-1))*(C24-D24) -> -1387.722 | G24: =E23+F23 -> 24290 | H24: =B24-G24 -> 3311.1 | I24: =G24+$H$2 -> 24485.463 | J24: =B24-I24 -> 3115.6369 | K24: =I24-1.96*$K$2 -> 17123.613 | L24: =I24+1.96*$K$2 -> 31847.313 | M24: =ABS(J24) -> 3115.6369
A25: 44986 | B25: 28988.1 | C25: =AVERAGE(B21:B25) -> 27850.82 | D25: =AVERAGE(C21:C25) -> 29087.184 | E25: =2*C25-D25 -> 26614.456 | F25: =(2/(5-1))*(C25-D25) -> -618.182 | G25: =E24+F24 -> 23173.394 | H25: =B25-G25 -> 5814.706 | I25: =G25+$H$2 -> 23368.857 | J25: =B25-I25 -> 5619.2429 | K25: =I25-1.96*$K$2 -> 16007.007 | L25: =I25+1.96*$K$2 -> 30730.707 | M25: =ABS(J25) -> 5619.2429
... A61: 46082 | B61: 17500.8 | C61: =AVERAGE(B57:B61) -> 16878.18 | D61: =AVERAGE(C57:C61) -> 15671.04 | E61: =2*C61-D61 -> 18085.32 | F61: =(2/(5-1))*(C61-D61) -> 603.57 | G61: =E60+F60 -> 17215.05 | H61: =B61-G61 -> 285.75 | I61: =G61+$H$2 -> 17410.513 | J61: =B61-I61 -> 90.286875 | K61: =I61-1.96*$K$2 -> 10048.663 | L61: =I61+1.96*$K$2 -> 24772.363 | M61: =ABS(J61) -> 90.286875
A62: 46113 | B62: 1 | G62: =$E$61+B62*$F$61 -> 18688.89 | I62: =G62+$H$2 -> 18884.353 | M62: =ABS(J62) -> 0
A63: 46143 | B63: 2 | G63: =$E$61+B63*$F$61 -> 19292.46 | I63: =G63+$H$2 -> 19487.923
A64: 46174 | B64: 3 | G64: =$E$61+B64*$F$61 -> 19896.03 | I64: =G64+$H$2 -> 20091.493
A65: 46204 | B65: 4 | G65: =$E$61+B65*$F$61 -> 20499.6 | I65: =G65+$H$2 -> 20695.063
A66: 46235 | B66: 5 | G66: =$E$61+B66*$F$61 -> 21103.17 | I66: =G66+$H$2 -> 21298.633
A67: 46266 | B67: 6 | G67: =$E$61+B67*$F$61 -> 21706.74 | I67: =G67+$H$2 -> 21902.203
A68: 46296 | B68: 7 | G68: =$E$61+B68*$F$61 -> 22310.31 | I68: =G68+$H$2 -> 22505.773
A69: 46327 | B69: 8 | G69: =$E$61+B69*$F$61 -> 22913.88 | I69: =G69+$H$2 -> 23109.343
A70: 46357 | B70: 9 | G70: =$E$61+B70*$F$61 -> 23517.45 | I70: =G70+$H$2 -> 23712.913
A71: 46388 | B71: 10 | G71: =$E$61+B71*$F$61 -> 24121.02 | I71: =G71+$H$2 -> 24316.483
A72: 46419 | B72: 11 | G72: =$E$61+B72*$F$61 -> 24724.59 | I72: =G72+$H$2 -> 24920.053
A73: 46447 | B73: 12 | G73: =$E$61+B73*$F$61 -> 25328.16 | I73: =G73+$H$2 -> 25523.623

Sheet Ljung Box Test (K = 5)
A1: Diff Data: | B1: 0 | D1: Autcorrelation | G1: White noise test: | I1: acf
A3: time | B3: data | D3: lag | E3: acf | G3: test | H3: lag | I3: stat | J3: p-value
A4: 1 | B4: {=[1]!ADIFF('K = 5'!J14:J61,B1)} -> -1454.8811 | D4: 1 | E4: =[1]!ACF($B$4:$B$51,D4) -> 0.38169034 | G4: ljung-box | H4: 7 | I4: =[1]!LJUNG(B4:B51,0,H4) -> 23.303359 | J4: =_xlfn.CHISQ.DIST.RT(I4,H4) -> 0.0015091037
A5: =A4+1 -> 2 | B5: -1491.5911 | D5: =D4+1 -> 2 | E5: =[1]!ACF($B$4:$B$51,D5) -> -0.1641921
A6: =A5+1 -> 3 | B6: 3421.7949 | D6: =D5+1 -> 3 | E6: =[1]!ACF($B$4:$B$51,D6) -> -0.39084751
A7: =A6+1 -> 4 | B7: 3035.4829 | D7: =D6+1 -> 4 | E7: =[1]!ACF($B$4:$B$51,D7) -> -0.2975282
A8: =A7+1 -> 5 | B8: 1985.8349 | D8: =D7+1 -> 5 | E8: =[1]!ACF($B$4:$B$51,D8) -> -0.094003993
A9: =A8+1 -> 6 | B9: 753.32687 | D9: =D8+1 -> 6 | E9: =[1]!ACF($B$4:$B$51,D9) -> 0.12595768
A10: =A9+1 -> 7 | B10: -7745.6871 | D10: =D9+1 -> 7 | E10: =[1]!ACF($B$4:$B$51,D10) -> 0.037384036
A11: =A10+1 -> 8 | B11: -3195.0911
A12: =A11+1 -> 9 | B12: -2810.8631
A13: =A12+1 -> 10 | B13: 1542.8769
A14: =A13+1 -> 11 | B14: 3115.6369
A15: =A14+1 -> 12 | B15: 5619.2429
A16: =A15+1 -> 13 | B16: 715.16288
A17: =A16+1 -> 14 | B17: 3726.2669
A18: =A17+1 -> 15 | B18: 2887.8769
A19: =A18+1 -> 16 | B19: -2316.3691
A20: =A19+1 -> 17 | B20: -5048.8571
A21: =A20+1 -> 18 | B21: -2087.4091
A22: =A21+1 -> 19 | B22: -4787.0791
... A51: =A50+1 -> 48 | B51: 90.286875

Sheet Shapiro Wilk Test (K = 5)
A1: Descriptive Statistics | D1: Multiplier | E1: 2.2 | G1: Shapiro-Wilk Test
B3: ='K = 5'!J14 -> -1454.8811 | E3: ='K = 5'!J14 -> -1454.8811 | H3: ='K = 5'!J14 -> -1454.8811
A4: Mean | B4: =AVERAGE('K = 5'!J15:J61) -> 30.954918 | D4: Min | E4: =E11-$E18 -> 0 | G4: W-stat | H4: =[1]!SHAPIRO('K = 5'!J15:J61) -> 0.97840644
A5: Standard Error | B5: =_xlfn.STDEV.S('K = 5'!J15:J61)/SQRT(COUNT('K = 5'!J15:J61)) -> 552.89528 | D5: Q1-Min | E5: =MAX(E12-E11,0) -> 6967.685 | G5: p-value | H5: =[1]!SWTEST('K = 5'!J15:J61) -> 0.5280887
A6: Median | B6: =MEDIAN('K = 5'!J15:J61) -> 90.286875 | D6: Med-Q1 | E6: =MAX(E13-E12,0) -> 2735.575 | G6: alpha | H6: 0.05
A7: Mode | B7: =MODE('K = 5'!J15:J61) -> #N/A | D7: Q3-Med | E7: =MAX(E14-E13,0) -> 2917.352 | G7: normal | H7: =IF(H5<H6,"no","yes") -> yes
A8: Standard Deviation | B8: =_xlfn.STDEV.S('K = 5'!J15:J61) -> 3790.4591 | D8: Max-Q3 | E8: =MAX(E15-E14,0) -> 3461.45
A9: Sample Variance | B9: =_xlfn.VAR.S('K = 5'!J15:J61) -> 14367580 | D9: Mean | E9: =E16-$E18 -> 9643.928 | G9: d'Agostino-Pearson
A10: Kurtosis | B10: =KURT('K = 5'!J15:J61) -> -0.28995072
A11: Skewness | B11: =SKEW('K = 5'!J15:J61) -> -0.24968498 | D11: Min | E11: {=MIN(IF(ISBLANK('K = 5'!J15:J61),"",IF('K = 5'!J15:J61>=E12-$E1*(E14-E12),'K = 5'!J15:J61,"")))} -> -9612.9731 | G11: DA-stat | H11: =[1]!DAGOSTINO('K = 5'!J15:J61) -> 0.64822822
A12: Range | B12: =B13-B14 -> 16082.062 | D12: Q1 | E12: =_xlfn.QUARTILE.INC('K = 5'!J15:J61,1) -> -2645.2881 | G12: p-value | H12: =[1]!DPTEST('K = 5'!J15:J61) -> 0.72316772
A13: Maximum | B13: =MAX('K = 5'!J15:J61) -> 6469.0889 | D13: Median | E13: =MEDIAN('K = 5'!J15:J61) -> 90.286875 | G13: alpha | H13: 0.05
A14: Minimum | B14: =MIN('K = 5'!J15:J61) -> -9612.9731 | D14: Q3 | E14: =_xlfn.QUARTILE.INC('K = 5'!J15:J61,3) -> 3007.6389 | G14: normal | H14: =IF(H12<H13,"no","yes") -> yes
A15: Sum | B15: =SUM('K = 5'!J15:J61) -> 1454.8811 | D15: Max | E15: {=MAX(IF(ISBLANK('K = 5'!J15:J61),"",IF('K = 5'!J15:J61<=E14+$E1*(E14-E12),'K = 5'!J15:J61,"")))} -> 6469.0889
A16: Count | B16: =COUNT('K = 5'!J15:J61) -> 47 | D16: Mean | E16: =AVERAGE('K = 5'!J15:J61) -> 30.954918
A17: Geometric Mean | B17: =GEOMEAN('K = 5'!J15:J61) -> #NUM!
A18: Harmonic Mean | B18: =HARMEAN('K = 5'!J15:J61) -> #NUM! | D18: Grand Min | E18: =IF(MIN(E11)>=0,0,MIN(E11)) -> -9612.9731
A19: AAD | B19: =AVEDEV('K = 5'!J15:J61) -> 3099.6389
A20: MAD | B20: =[1]!MAD('K = 5'!J15:J61) -> 2890.596 | D20: Outliers | E20: None
A21: IQR | B21: =[1]!IQR('K = 5'!J15:J61,FALSE) -> 5652.927

Sheet K = 4
G2: Mean Error | H2: =AVERAGE(H12:H61) -> 54.366875 | J2: Std Dev | K2: =_xlfn.STDEV.S(J12:J61) -> 4106.3103 | M2: MAD | N2: =AVERAGE(M12:M61) -> 3218.1648
B4: Consumption | C4: FMA | D4: DMA | E4: at (do not use brackets in formula) | F4: bt | G4: Estimates | H4: Error | I4: Revised Estimate | J4: Revised Error | K4: LCL | L4: UCL
A5: 44378 | B5: 43439.7
A6: 44409 | B6: 42795.8
A7: 44440 | B7: 43575.4
A8: 44470 | B8: 37323.9 | C8: =AVERAGE(B5:B8) -> 41783.7
A9: 44501 | B9: 37760.8 | C9: =AVERAGE(B6:B9) -> 40363.975
A10: 44531 | B10: 40536.5 | C10: =AVERAGE(B7:B10) -> 39799.15
A11: 44562 | B11: 38497.1 | C11: =AVERAGE(B8:B11) -> 38529.575 | D11: =AVERAGE(C8:C11) -> 40119.1 | E11: =2*C11-D11 -> 36940.05 | F11: =(2/(4-1)*(C11-D11)) -> -1059.6833
A12: 44593 | B12: 34233.9 | C12: =AVERAGE(B9:B12) -> 37757.075 | D12: =AVERAGE(C9:C12) -> 39112.444 | E12: =2*C12-D12 -> 36401.706 | F12: =(2/(4-1)*(C12-D12)) -> -903.57917 | G12: =E11+F11 -> 35880.367 | H12: =B12-G12 -> -1646.4667 | I12: =G12+$H$2 -> 35934.734 | J12: =B12-I12 -> -1700.8335 | K12: =I12-1.96*$K$2 -> 27886.365 | L12: =I12+1.96*$K$2 -> 43983.102 | M12: =ABS(J12) -> 1700.8335
A13: 44621 | B13: 35915 | C13: =AVERAGE(B10:B13) -> 37295.625 | D13: =AVERAGE(C10:C13) -> 38345.356 | E13: =2*C13-D13 -> 36245.894 | F13: =(2/(4-1)*(C13-D13)) -> -699.82083 | G13: =E12+F12 -> 35498.127 | H13: =B13-G13 -> 416.87292 | I13: =G13+$H$2 -> 35552.494 | J13: =B13-I13 -> 362.50604 | K13: =I13-1.96*$K$2 -> 27504.126 | L13: =I13+1.96*$K$2 -> 43600.862 | M13: =ABS(J13) -> 362.50604
A14: 44652 | B14: 33419.6 | C14: =AVERAGE(B11:B14) -> 35516.4 | D14: =AVERAGE(C11:C14) -> 37274.669 | E14: =2*C14-D14 -> 33758.131 | F14: =(2/(4-1)*(C14-D14)) -> -1172.1792 | G14: =E13+F13 -> 35546.073 | H14: =B14-G14 -> -2126.4729 | I14: =G14+$H$2 -> 35600.44 | J14: =B14-I14 -> -2180.8398 | K14: =I14-1.96*$K$2 -> 27552.072 | L14: =I14+1.96*$K$2 -> 43648.808 | M14: =ABS(J14) -> 2180.8398
A15: 44682 | B15: 32549.9 | C15: =AVERAGE(B12:B15) -> 34029.6 | D15: =AVERAGE(C12:C15) -> 36149.675 | E15: =2*C15-D15 -> 31909.525 | F15: =(2/(4-1)*(C15-D15)) -> -1413.3833 | G15: =E14+F14 -> 32585.952 | H15: =B15-G15 -> -36.052083 | I15: =G15+$H$2 -> 32640.319 | J15: =B15-I15 -> -90.418958 | K15: =I15-1.96*$K$2 -> 24591.951 | L15: =I15+1.96*$K$2 -> 40688.687 | M15: =ABS(J15) -> 90.418958
A16: 44713 | B16: 35112.6 | C16: =AVERAGE(B13:B16) -> 34249.275 | D16: =AVERAGE(C13:C16) -> 35272.725 | E16: =2*C16-D16 -> 33225.825 | F16: =(2/(4-1)*(C16-D16)) -> -682.3 | G16: =E15+F15 -> 30496.142 | H16: =B16-G16 -> 4616.4583 | I16: =G16+$H$2 -> 30550.509 | J16: =B16-I16 -> 4562.0915 | K16: =I16-1.96*$K$2 -> 22502.14 | L16: =I16+1.96*$K$2 -> 38598.877 | M16: =ABS(J16) -> 4562.0915
A17: 44743 | B17: 34621.8 | C17: =AVERAGE(B14:B17) -> 33925.975 | D17: =AVERAGE(C14:C17) -> 34430.312 | E17: =2*C17-D17 -> 33421.638 | F17: =(2/(4-1)*(C17-D17)) -> -336.225 | G17: =E16+F16 -> 32543.525 | H17: =B17-G17 -> 2078.275 | I17: =G17+$H$2 -> 32597.892 | J17: =B17-I17 -> 2023.9081 | K17: =I17-1.96*$K$2 -> 24549.524 | L17: =I17+1.96*$K$2 -> 40646.26 | M17: =ABS(J17) -> 2023.9081
A18: 44774 | B18: 34770.1 | C18: =AVERAGE(B15:B18) -> 34263.6 | D18: =AVERAGE(C15:C18) -> 34117.113 | E18: =2*C18-D18 -> 34410.087 | F18: =(2/(4-1)*(C18-D18)) -> 97.658333 | G18: =E17+F17 -> 33085.413 | H18: =B18-G18 -> 1684.6875 | I18: =G18+$H$2 -> 33139.779 | J18: =B18-I18 -> 1630.3206 | K18: =I18-1.96*$K$2 -> 25091.411 | L18: =I18+1.96*$K$2 -> 41188.148 | M18: =ABS(J18) -> 1630.3206
A19: 44805 | B19: 33953.3 | C19: =AVERAGE(B16:B19) -> 34614.45 | D19: =AVERAGE(C16:C19) -> 34263.325 | E19: =2*C19-D19 -> 34965.575 | F19: =(2/(4-1)*(C19-D19)) -> 234.08333 | G19: =E18+F18 -> 34507.746 | H19: =B19-G19 -> -554.44583 | I19: =G19+$H$2 -> 34562.113 | J19: =B19-I19 -> -608.81271 | K19: =I19-1.96*$K$2 -> 26513.744 | L19: =I19+1.96*$K$2 -> 42610.481 | M19: =ABS(J19) -> 608.81271
A20: 44835 | B20: 26416.8 | C20: =AVERAGE(B17:B20) -> 32440.5 | D20: =AVERAGE(C17:C20) -> 33811.131 | E20: =2*C20-D20 -> 31069.869 | F20: =(2/(4-1)*(C20-D20)) -> -913.75417 | G20: =E19+F19 -> 35199.658 | H20: =B20-G20 -> -8782.8583 | I20: =G20+$H$2 -> 35254.025 | J20: =B20-I20 -> -8837.2252 | K20: =I20-1.96*$K$2 -> 27205.657 | L20: =I20+1.96*$K$2 -> 43302.393 | M20: =ABS(J20) -> 8837.2252
A21: 44866 | B21: 28485.3 | C21: =AVERAGE(B18:B21) -> 30906.375 | D21: =AVERAGE(C18:C21) -> 33056.231 | E21: =2*C21-D21 -> 28756.519 | F21: =(2/(4-1)*(C21-D21)) -> -1433.2375 | G21: =E20+F20 -> 30156.115 | H21: =B21-G21 -> -1670.8146 | I21: =G21+$H$2 -> 30210.481 | J21: =B21-I21 -> -1725.1815 | K21: =I21-1.96*$K$2 -> 22162.113 | L21: =I21+1.96*$K$2 -> 38258.85 | M21: =ABS(J21) -> 1725.1815
A22: 44896 | B22: 26334.9 | C22: =AVERAGE(B19:B22) -> 28797.575 | D22: =AVERAGE(C19:C22) -> 31689.725 | E22: =2*C22-D22 -> 25905.425 | F22: =(2/(4-1)*(C22-D22)) -> -1928.1 | G22: =E21+F21 -> 27323.281 | H22: =B22-G22 -> -988.38125 | I22: =G22+$H$2 -> 27377.648 | J22: =B22-I22 -> -1042.7481 | K22: =I22-1.96*$K$2 -> 19329.28 | L22: =I22+1.96*$K$2 -> 35426.016 | M22: =ABS(J22) -> 1042.7481
A23: 44927 | B23: 27844.7 | C23: =AVERAGE(B20:B23) -> 27270.425 | D23: =AVERAGE(C20:C23) -> 29853.719 | E23: =2*C23-D23 -> 24687.131 | F23: =(2/(4-1)*(C23-D23)) -> -1722.1958 | G23: =E22+F22 -> 23977.325 | H23: =B23-G23 -> 3867.375 | I23: =G23+$H$2 -> 24031.692 | J23: =B23-I23 -> 3813.0081 | K23: =I23-1.96*$K$2 -> 15983.324 | L23: =I23+1.96*$K$2 -> 32080.06 | M23: =ABS(J23) -> 3813.0081
... A61: 46082 | B61: 17500.8 | C61: =AVERAGE(B58:B61) -> 16556.7 | D61: =AVERAGE(C58:C61) -> 16449.431 | E61: =2*C61-D61 -> 16663.969 | F61: =(2/(4-1)*(C61-D61)) -> 71.5125 | G61: =E60+F60 -> 18105.681 | H61: =B61-G61 -> -604.88125 | I61: =G61+$H$2 -> 18160.048 | J61: =B61-I61 -> -659.24813 | K61: =I61-1.96*$K$2 -> 10111.68 | L61: =I61+1.96*$K$2 -> 26208.416 | M61: =ABS(J61) -> 659.24813
A62: 46113 | B62: 1 | G62: =$E$61+B62*$F$61 -> 16735.481 | I62: =G62+$H$2 -> 16789.848
A63: 46143 | B63: 2 | G63: =$E$61+B63*$F$61 -> 16806.994 | I63: =G63+$H$2 -> 16861.361
A64: 46174 | B64: 3 | G64: =$E$61+B64*$F$61 -> 16878.506 | I64: =G64+$H$2 -> 16932.873
A65: 46204 | B65: 4 | G65: =$E$61+B65*$F$61 -> 16950.019 | I65: =G65+$H$2 -> 17004.386
A66: 46235 | B66: 5 | G66: =$E$61+B66*$F$61 -> 17021.531 | I66: =G66+$H$2 -> 17075.898
A67: 46266 | B67: 6 | G67: =$E$61+B67*$F$61 -> 17093.044 | I67: =G67+$H$2 -> 17147.411
A68: 46296 | B68: 7 | G68: =$E$61+B68*$F$61 -> 17164.556 | I68: =G68+$H$2 -> 17218.923
A69: 46327 | B69: 8 | G69: =$E$61+B69*$F$61 -> 17236.069 | I69: =G69+$H$2 -> 17290.436
A70: 46357 | B70: 9 | G70: =$E$61+B70*$F$61 -> 17307.581 | I70: =G70+$H$2 -> 17361.948
A71: 46388 | B71: 10 | G71: =$E$61+B71*$F$61 -> 17379.094 | I71: =G71+$H$2 -> 17433.461
A72: 46419 | B72: 11 | G72: =$E$61+B72*$F$61 -> 17450.606 | I72: =G72+$H$2 -> 17504.973
A73: 46447 | B73: 12 | G73: =$E$61+B73*$F$61 -> 17522.119 | I73: =G73+$H$2 -> 17576.486

Sheet Ljung Box Test (K = 4)
A1: Diff Data: | B1: 0 | D1: Autcorrelation | G1: White noise test: | I1: acf
A3: time | B3: data | D3: lag | E3: acf | G3: test | H3: lag | I3: stat | J3: p-value
A4: 1 | B4: {=[1]!ADIFF('K = 4'!J12:J61,B1)} -> -1700.8335 | D4: 1 | E4: =[1]!ACF($B$4:$B$53,D4) -> 0.354892 | G4: ljung-box | H4: 7 | I4: =[1]!LJUNG(B4:B53,0,H4) -> 46.937496 | J4: =_xlfn.CHISQ.DIST.RT(I4,H4) -> 5.7409188e-08
A5: =A4+1 -> 2 | B5: 362.50604 | D5: =D4+1 -> 2 | E5: =[1]!ACF($B$4:$B$53,D5) -> -0.30536357
A6: =A5+1 -> 3 | B6: -2180.8398 | D6: =D5+1 -> 3 | E6: =[1]!ACF($B$4:$B$53,D6) -> -0.58378232
A7: =A6+1 -> 4 | B7: -90.418958 | D7: =D6+1 -> 4 | E7: =[1]!ACF($B$4:$B$53,D7) -> -0.32996508
A8: =A7+1 -> 5 | B8: 4562.0915 | D8: =D7+1 -> 5 | E8: =[1]!ACF($B$4:$B$53,D8) -> 0.17679095
A9: =A8+1 -> 6 | B9: 2023.9081 | D9: =D8+1 -> 6 | E9: =[1]!ACF($B$4:$B$53,D9) -> 0.36605808
A10: =A9+1 -> 7 | B10: 1630.3206 | D10: =D9+1 -> 7 | E10: =[1]!ACF($B$4:$B$53,D10) -> 0.088439257
A11: =A10+1 -> 8 | B11: -608.81271
A12: =A11+1 -> 9 | B12: -8837.2252
A13: =A12+1 -> 10 | B13: -1725.1815
A14: =A13+1 -> 11 | B14: -1042.7481
A15: =A14+1 -> 12 | B15: 3813.0081
A16: =A15+1 -> 13 | B16: 4581.7977
A17: =A16+1 -> 14 | B17: 3148.431
A18: =A17+1 -> 15 | B18: -607.20854
A19: =A18+1 -> 16 | B19: 2066.6685
A20: =A19+1 -> 17 | B20: 2556.4915
A21: =A20+1 -> 18 | B21: -2843.8356
A22: =A21+1 -> 19 | B22: -4706.2065
... A53: =A52+1 -> 50 | B53: -659.24813

Sheet Shapiro Wilk Test (K = 4)
A1: Descriptive Statistics | D1: Multiplier | E1: 2.2 | G1: Shapiro-Wilk Test
B3: ='K = 4'!J12 -> -1700.8335 | E3: ='K = 4'!J12 -> -1700.8335 | H3: ='K = 4'!J12 -> -1700.8335
A4: Mean | B4: =AVERAGE('K = 4'!J13:J61) -> 34.710889 | D4: Min | E4: =E11-$E18 -> 0 | G4: W-stat | H4: =[1]!SHAPIRO('K = 4'!J13:J61) -> 0.98957039
A5: Standard Error | B5: =_xlfn.STDEV.S('K = 4'!J13:J61)/SQRT(COUNT('K = 4'!J13:J61)) -> 591.63513 | D5: Q1-Min | E5: =MAX(E12-E11,0) -> 6499.0229 | G5: p-value | H5: =[1]!SWTEST('K = 4'!J13:J61) -> 0.9395715
A6: Median | B6: =MEDIAN('K = 4'!J13:J61) -> -385.95646 | D6: Med-Q1 | E6: =MAX(E13-E12,0) -> 2278.7833 | G6: alpha | H6: 0.05
A7: Mode | B7: =MODE('K = 4'!J13:J61) -> #N/A | D7: Q3-Med | E7: =MAX(E14-E13,0) -> 2997.25 | G7: normal | H7: =IF(H5<H6,"no","yes") -> yes
A8: Standard Deviation | B8: =_xlfn.STDEV.S('K = 4'!J13:J61) -> 4141.4459 | D8: Max-Q3 | E8: =MAX(E15-E14,0) -> 6455.3563
A9: Sample Variance | B9: =_xlfn.VAR.S('K = 4'!J13:J61) -> 17151574 | D9: Mean | E9: =E16-$E18 -> 9198.4736 | G9: d'Agostino-Pearson
A10: Kurtosis | B10: =KURT('K = 4'!J13:J61) -> -0.035804482
A11: Skewness | B11: =SKEW('K = 4'!J13:J61) -> -0.030883555 | D11: Min | E11: {=MIN(IF(ISBLANK('K = 4'!J13:J61),"",IF('K = 4'!J13:J61>=E12-$E1*(E14-E12),'K = 4'!J13:J61,"")))} -> -9163.7627 | G11: DA-stat | H11: =[1]!DAGOSTINO('K = 4'!J13:J61) -> 0.035039502
A12: Range | B12: =B13-B14 -> 18230.413 | D12: Q1 | E12: =_xlfn.QUARTILE.INC('K = 4'!J13:J61,1) -> -2664.7398 | G12: p-value | H12: =[1]!DPTEST('K = 4'!J13:J61) -> 0.98263283
A13: Maximum | B13: =MAX('K = 4'!J13:J61) -> 9066.6498 | D13: Median | E13: =MEDIAN('K = 4'!J13:J61) -> -385.95646 | G13: alpha | H13: 0.05
A14: Minimum | B14: =MIN('K = 4'!J13:J61) -> -9163.7627 | D14: Q3 | E14: =_xlfn.QUARTILE.INC('K = 4'!J13:J61,3) -> 2611.2935 | G14: normal | H14: =IF(H12<H13,"no","yes") -> yes
A15: Sum | B15: =SUM('K = 4'!J13:J61) -> 1700.8335 | D15: Max | E15: {=MAX(IF(ISBLANK('K = 4'!J13:J61),"",IF('K = 4'!J13:J61<=E14+$E1*(E14-E12),'K = 4'!J13:J61,"")))} -> 9066.6498
A16: Count | B16: =COUNT('K = 4'!J13:J61) -> 49 | D16: Mean | E16: =AVERAGE('K = 4'!J13:J61) -> 34.710889
A17: Geometric Mean | B17: =GEOMEAN('K = 4'!J13:J61) -> #NUM!
A18: Harmonic Mean | B18: =HARMEAN('K = 4'!J13:J61) -> #NUM! | D18: Grand Min | E18: =IF(MIN(E11)>=0,0,MIN(E11)) -> -9163.7627
A19: AAD | B19: =AVEDEV('K = 4'!J13:J61) -> 3251.2559
A20: MAD | B20: =[1]!MAD('K = 4'!J13:J61) -> 2753.8771 | D20: Outliers | E20: None
A21: IQR | B21: =[1]!IQR('K = 4'!J13:J61,FALSE) -> 5276.0333
